uf,ano,rebanho_cabecas,regiao,abate_anual,desmatamento_km2,taxa_abate,amazonia_legal,var_rebanho_pct
AC,2005,2313185,Norte,56259.0,592.0,2.4321011938085366,True,
AC,2006,2452915,Norte,275405.0,398.0,11.22766178200223,True,6.0405890579439125
AC,2007,2315798,Norte,446447.0,184.0,19.27832220254098,True,-5.589961331721649
AC,2008,2425687,Norte,417316.0,254.0,17.20403333158812,True,4.745189347257406
AC,2009,2511285,Norte,418318.0,167.0,16.657527918973752,True,3.528814723416507
AC,2010,2578460,Norte,485166.0,259.0,18.816115045414705,True,2.6749253868039613
AC,2011,2549497,Norte,455485.0,280.0,17.865680955890515,True,-1.1232673766511825
AC,2012,2634467,Norte,413401.0,305.0,15.692016639418904,True,3.3328142766984925
AC,2013,2697489,Norte,427501.0,221.0,15.848109111844385,True,2.3922106445060765
AC,2014,2799673,Norte,441728.0,309.0,15.77784262662104,True,3.788115540044834
AC,2015,2916207,Norte,420205.0,264.0,14.409299477026149,True,4.162414682000359
AC,2016,2998969,Norte,453595.0,372.0,15.125031302424267,True,2.8380015547593063
AC,2017,2895028,Norte,427053.0,257.0,14.7512562918217,True,-3.465891111245234
AC,2018,3303633,Norte,425104.0,444.0,12.867773145503753,True,14.11402584016459
AC,2019,3509682,Norte,416498.0,682.0,11.86711502637561,True,6.237042673928972
AC,2020,3802112,Norte,370823.0,706.0,9.753079341166172,True,8.332093904803916
AC,2021,4047283,Norte,326282.0,804.0,8.061754021154439,True,6.448284532386217
AC,2022,4635381,Norte,337834.0,767.0,7.288160347552876,True,14.530686388868785
AC,2023,4908956,Norte,466875.0,730.0,9.51067803418894,True,5.9018881080109775
AC,2024,5186919,Norte,563599.0,,10.86577600305692,True,5.662364869434566
AL,2005,985422,Nordeste,41246.0,,4.185617938304604,False,
AL,2006,1029352,Nordeste,155242.0,,15.081527018940072,False,4.457988557186665
AL,2007,1112125,Nordeste,176068.0,,15.83167359784197,False,8.041272567595925
AL,2008,1162005,Nordeste,167086.0,,14.379111965955396,False,4.485107339552652
AL,2009,1193021,Nordeste,143710.0,,12.04589022322323,False,2.6691795646318184
AL,2010,1219578,Nordeste,193518.0,,15.867619783236497,False,2.226029550192332
AL,2011,1268304,Nordeste,201501.0,,15.887437081330658,False,3.9953164127263685
AL,2012,1221266,Nordeste,201128.0,,16.46881187227025,False,-3.708732291311867
AL,2013,1251723,Nordeste,210921.0,,16.850453335122868,False,2.4938874905221287
AL,2014,1253121,Nordeste,192613.0,,15.370662529795606,False,0.11168605194600278
AL,2015,1255696,Nordeste,159319.0,,12.68770466737172,False,0.20548694020769975
AL,2016,1189985,Nordeste,152882.0,,12.847388832632344,False,-5.233034110166789
AL,2017,1208404,Nordeste,148132.0,,12.258483090092387,False,1.5478346365710438
AL,2018,1247619,Nordeste,132972.0,,10.65806147549853,False,3.245189522709291
AL,2019,1233394,Nordeste,114001.0,,9.242869675059227,False,-1.1401717992431948
AL,2020,1290414,Nordeste,104884.0,,8.127934135866473,False,4.623015840842415
AL,2021,1321236,Nordeste,104417.0,,7.902978725980823,False,2.388535772240541
AL,2022,1335493,Nordeste,139910.0,,10.476281043779338,False,1.0790653600113886
AL,2023,1437589,Nordeste,158657.0,,11.03632540315765,False,7.644817307166707
AL,2024,1388515,Nordeste,176298.0,,12.69687399848039,False,-3.4136321299063965
AM,2005,1197171,Norte,20321.0,775.0,1.6974183303805388,True,
AM,2006,1243358,Norte,89911.0,788.0,7.231304258306939,True,3.8580119297911386
AM,2007,1208652,Norte,115939.0,587.0,9.59242197092298,True,-2.791311914991501
AM,2008,1312352,Norte,102152.0,604.0,7.783887249762259,True,8.579806263506784
AM,2009,1350816,Norte,115562.0,405.0,8.55497713974368,True,2.930920972422024
AM,2010,1360800,Norte,178358.0,595.0,13.106848912404468,True,0.7391088053443351
AM,2011,1439597,Norte,212918.0,502.0,14.790111399231867,True,5.790490887713107
AM,2012,1445739,Norte,215436.0,523.0,14.901444866604551,True,0.4266471797315541
AM,2013,1470537,Norte,223282.0,583.0,15.18370500028221,True,1.715247357925609
AM,2014,1405208,Norte,242746.0,827.0,17.274737974733988,True,-4.4425267776329385
AM,2015,1293325,Norte,235934.0,712.0,18.242437129105213,True,-7.9620241273889665
AM,2016,1315821,Norte,253446.0,1129.0,19.261434496029477,True,1.7393926507258461
AM,2017,1343574,Norte,257559.0,1049.0,19.16969217921752,True,2.1091774641079697
AM,2018,1376210,Norte,241531.0,1421.0,17.550446516156693,True,2.42904372963455
AM,2019,1455842,Norte,248021.0,1573.0,17.036258055475802,True,5.786326214749193
AM,2020,1437809,Norte,211634.0,1555.0,14.719201229092322,True,-1.2386646353107045
AM,2021,1496165,Norte,155079.0,1708.0,10.365100105937513,True,4.058675387342836
AM,2022,2029011,Norte,160176.0,1600.0,7.894289385321223,True,35.614120100390004
AM,2023,2377089,Norte,155136.0,1450.0,6.526301707676911,True,17.155057316101296
AM,2024,2588044,Norte,254107.0,,9.818496130668567,True,8.874509957346998
AP,2005,96599,Norte,7572.0,33.0,7.83859046159898,True,
AP,2006,109081,Norte,,39.0,,True,12.921458814273446
AP,2007,103170,Norte,,28.0,,True,-5.41890888422365
AP,2008,95803,Norte,7165.0,100.0,7.478888970074006,True,-7.140641659397106
AP,2009,104977,Norte,,60.0,,True,9.575900545911932
AP,2010,114773,Norte,,53.0,,True,9.331567867247115
AP,2011,127499,Norte,,66.0,,True,11.087973652339844
AP,2012,142825,Norte,,27.0,,True,12.020486435187717
AP,2013,154967,Norte,,23.0,,True,8.501312795378958
AP,2014,167529,Norte,,31.0,,True,8.106241974097706
AP,2015,89682,Norte,,16.0,,True,-46.467775728381355
AP,2016,76379,Norte,,24.0,,True,-14.833522891996164
AP,2017,66921,Norte,,18.0,,True,-12.38298485185718
AP,2018,55422,Norte,,22.0,,True,-17.182947056977625
AP,2019,54296,Norte,,25.0,,True,-2.0316841687416543
AP,2020,54684,Norte,,28.0,,True,0.7146014439369353
AP,2021,52768,Norte,,32.0,,True,-3.5037670982371427
AP,2022,53691,Norte,,30.0,,True,1.7491661613098897
AP,2023,54842,Norte,,27.0,,True,2.1437484867109946
AP,2024,57887,Norte,,,,True,5.552313919988339
BA,2005,10463098,Nordeste,234931.0,,2.245329251432033,False,
BA,2006,10764857,Nordeste,922133.0,,8.566142587867168,False,2.8840310967172433
BA,2007,11385723,Nordeste,1047301.0,,9.198370626090234,False,5.7675266842838635
BA,2008,11099880,Nordeste,1120722.0,,10.096703748148629,False,-2.5105388564257147
BA,2009,10230469,Nordeste,1143170.0,,11.174170020944299,False,-7.8326162084635165
BA,2010,10528419,Nordeste,1177361.0,,11.182695141597234,False,2.912378699353857
BA,2011,10667903,Nordeste,1090600.0,,10.223190068376137,False,1.3248332916841576
BA,2012,10250975,Nordeste,1172534.0,,11.438268067183852,False,-3.908247009745025
BA,2013,10828409,Nordeste,1309373.0,,12.092016472595374,False,5.632966620248325
BA,2014,10824134,Nordeste,1372695.0,,12.681799763380608,False,-0.03947948401283874
BA,2015,10758372,Nordeste,1218785.0,,11.328712188052243,False,-0.6075497587151091
BA,2016,10363291,Nordeste,1141570.0,,11.01551621005335,False,-3.6723121304970685
BA,2017,10037814,Nordeste,1176523.0,,11.720908556384886,False,-3.14067220538341
BA,2018,9923931,Nordeste,1192229.0,,12.013676838341581,False,-1.134539851007399
BA,2019,10214863,Nordeste,1196050.0,,11.7089186609747,False,2.9316205443185694
BA,2020,9748632,Nordeste,955050.0,,9.796759176056701,False,-4.564241341269093
BA,2021,11755096,Nordeste,925299.0,,7.871471232561605,False,20.58200576244955
BA,2022,12526243,Nordeste,1022930.0,,8.16629535288434,False,6.560108058666647
BA,2023,13205880,Nordeste,1223377.0,,9.263880937885245,False,5.425705057773511
BA,2024,13661720,Nordeste,1407837.0,,10.304976240180592,False,3.45179571524199
CE,2005,2299233,Nordeste,85042.0,,3.698711700815011,False,
CE,2006,2352589,Nordeste,322921.0,,13.726196968531266,False,2.320599956594216
CE,2007,2424290,Nordeste,339766.0,,14.015072454203088,False,3.0477486717824576
CE,2008,2460523,Nordeste,345712.0,,14.050346206883656,False,1.4945819188298515
CE,2009,2494482,Nordeste,323246.0,,12.958441872901869,False,1.380153731544076
CE,2010,2546134,Nordeste,332325.0,,13.052141010645943,False,2.070650339429192
CE,2011,2614604,Nordeste,315165.0,,12.054024242294435,False,2.689175039491243
CE,2012,2714713,Nordeste,278992.0,,10.277034809941235,False,3.8288398549072733
CE,2013,2591067,Nordeste,270338.0,,10.433462353540067,False,-4.554661947690231
CE,2014,2597139,Nordeste,255733.0,,9.84671979435833,False,0.23434361211038812
CE,2015,2516197,Nordeste,229445.0,,9.11872162632735,False,-3.1165832864548215
CE,2016,2426408,Nordeste,200079.0,,8.2458926940564,False,-3.568440785836724
CE,2017,2287400,Nordeste,172889.0,,7.558319489376585,False,-5.728962317961361
CE,2018,2403371,Nordeste,156437.0,,6.509065807983869,False,5.0699921308035245
CE,2019,2479289,Nordeste,152141.0,,6.1364770303099,False,3.158813183649123
CE,2020,2552916,Nordeste,128709.0,,5.041646493656666,False,2.969682033841159
CE,2021,2607005,Nordeste,114748.0,,4.4015258889031665,False,2.118714442621683
CE,2022,2681690,Nordeste,128253.0,,4.782543843621,False,2.8647816172197693
CE,2023,2772173,Nordeste,128509.0,,4.635677499203694,False,3.37410364359787
CE,2024,2860949,Nordeste,139281.0,,4.868349628043003,False,3.20239754156757
DF,2005,102320,Centro-Oeste,12830.0,,12.539093041438623,False,
DF,2006,98740,Centro-Oeste,42419.0,,42.96029977719263,False,-3.4988272087568384
DF,2007,101590,Centro-Oeste,45076.0,,44.370508908357124,False,2.886368239821757
DF,2008,80000,Centro-Oeste,40576.0,,50.72,False,-21.252091741313116
DF,2009,102000,Centro-Oeste,4883.0,,4.787254901960784,False,27.499999999999993
DF,2010,100600,Centro-Oeste,,,,False,-1.3725490196078383
DF,2011,98000,Centro-Oeste,,,,False,-2.5844930417495027
DF,2012,100069,Centro-Oeste,37022.0,,36.996472434020525,False,2.1112244897959265
DF,2013,101452,Centro-Oeste,,,,False,1.3820463879922862
DF,2014,100056,Centro-Oeste,21442.0,,21.42999920044775,False,-1.3760201868864064
DF,2015,96576,Centro-Oeste,76914.0,,79.64090457256461,False,-3.478052290717193
DF,2016,96265,Centro-Oeste,,,,False,-0.3220261762756804
DF,2017,93141,Centro-Oeste,,,,False,-3.245208538929001
DF,2018,90199,Centro-Oeste,,,,False,-3.1586519363116183
DF,2019,84425,Centro-Oeste,,,,False,-6.401401345912927
DF,2020,84225,Centro-Oeste,,,,False,-0.23689665383476166
DF,2021,85771,Centro-Oeste,,,,False,1.8355595132086622
DF,2022,85544,Centro-Oeste,,,,False,-0.2646582178125523
DF,2023,83061,Centro-Oeste,,,,False,-2.9025998316655754
DF,2024,81951,Centro-Oeste,,,,False,-1.3363672481670141
ES,2005,2026690,Sudeste,64883.0,,3.2014269572554266,False,
ES,2006,2119309,Sudeste,254915.0,,12.028212969415975,False,4.5699638326532455
ES,2007,2142342,Sudeste,310000.0,,14.470145289594285,False,1.0868165048135925
ES,2008,2120017,Sudeste,385457.0,,18.181788164906223,False,-1.0420838502909424
ES,2009,2187235,Sudeste,351235.0,,16.05840250361758,False,3.1706349524555755
ES,2010,2195406,Sudeste,380421.0,,17.32804775062107,False,0.3735766847183797
ES,2011,2223262,Sudeste,305170.0,,13.726227498153614,False,1.2688313687764463
ES,2012,2285345,Sudeste,272292.0,,11.914699968713695,False,2.792428422740989
ES,2013,2313445,Sudeste,317528.0,,13.725331702288146,False,1.229573652993321
ES,2014,2295624,Sudeste,381357.0,,16.612345924245435,False,-0.7703230463659172
ES,2015,2223531,Sudeste,351270.0,,15.79784585868153,False,-3.1404533146543123
ES,2016,2044771,Sudeste,309559.0,,15.139054691209921,False,-8.039465156995785
ES,2017,1937604,Sudeste,296784.0,,15.31706169062409,False,-5.24102699030845
ES,2018,1976903,Sudeste,273365.0,,13.827941988048984,False,2.0282266139004745
ES,2019,2006027,Sudeste,284127.0,,14.163667787123504,False,1.4732134050077228
ES,2020,2106299,Sudeste,238723.0,,11.333766003781989,False,4.998536909024653
ES,2021,2213129,Sudeste,189404.0,,8.558199725366213,False,5.071929483895676
ES,2022,2231036,Sudeste,204493.0,,9.165831479187247,False,0.8091259027377173
ES,2023,2179082,Sudeste,293108.0,,13.450985323177376,False,-2.3286939341184976
ES,2024,2177441,Sudeste,310229.0,,14.247412444240739,False,-0.07530694117982017
GO,2005,20726586,Centro-Oeste,662391.0,,3.1958519362523092,False,
GO,2006,20646560,Centro-Oeste,2872139.0,,13.910980812299966,False,-0.3861031430839601
GO,2007,20471490,Centro-Oeste,2752019.0,,13.44317878180826,False,-0.8479378647096691
GO,2008,20466360,Centro-Oeste,3016334.0,,14.738009103719468,False,-0.025059240924818482
GO,2009,20874943,Centro-Oeste,2538203.0,,12.159089488292256,False,1.9963637891642572
GO,2010,21347881,Centro-Oeste,2612313.0,,12.23687259639493,False,2.265577443732414
GO,2011,21744650,Centro-Oeste,2701839.0,,12.425304615158211,False,1.8585872761797795
GO,2012,22045776,Centro-Oeste,2922751.0,,13.257646272011472,False,1.384827992172788
GO,2013,21580398,Centro-Oeste,3466231.0,,16.061941953063148,False,-2.1109622088149704
GO,2014,21538072,Centro-Oeste,3409851.0,,15.83173739970783,False,-0.19613169321529567
GO,2015,21887720,Centro-Oeste,3060939.0,,13.984732078078485,False,1.6233950745452086
GO,2016,22919070,Centro-Oeste,2824306.0,,12.32295202204976,False,4.71200289477387
GO,2017,22835005,Centro-Oeste,3179805.0,,13.925133802247908,False,-0.36679062457595224
GO,2018,22651910,Centro-Oeste,3207705.0,,14.160858841484009,False,-0.8018172100246912
GO,2019,22823401,Centro-Oeste,3013431.0,,13.203251347158998,False,0.7570708165448359
GO,2020,23626608,Centro-Oeste,2793131.0,,11.821972074874227,False,3.519225728014863
GO,2021,24293954,Centro-Oeste,2969595.0,,12.223596866940639,False,2.8245527246230084
GO,2022,24410182,Centro-Oeste,3004569.0,,12.308671029163158,False,0.47842356168124045
GO,2023,23729878,Centro-Oeste,3539760.0,,14.91689084958633,False,-2.7869681594344553
GO,2024,23216460,Centro-Oeste,4019579.0,,17.31348793054583,False,-2.1635930871620968
MA,2005,6448948,Nordeste,131341.0,922.0,2.0366267490449603,True,
MA,2006,6613270,Nordeste,734106.0,674.0,11.10049945034756,True,2.5480434948459862
MA,2007,6609438,Nordeste,764487.0,631.0,11.566596131168792,True,-0.057944103295348715
MA,2008,6816338,Nordeste,781100.0,1271.0,11.459232215303878,True,3.1303720528129686
MA,2009,6885265,Nordeste,701758.0,828.0,10.192171252667835,True,1.0112027895330389
MA,2010,6979844,Nordeste,589678.0,712.0,8.448297698343975,True,1.373643570726757
MA,2011,7264106,Nordeste,688609.0,396.0,9.479611118009567,True,4.072612511110574
MA,2012,7490942,Nordeste,683687.0,269.0,9.126849466996273,True,3.1226967227625746
MA,2013,7611324,Nordeste,720157.0,403.0,9.461652138313912,True,1.607034202107016
MA,2014,7758352,Nordeste,833514.0,257.0,10.743441390645849,True,1.9317007133055952
MA,2015,7643128,Nordeste,839121.0,209.0,10.978764191833502,True,-1.485160766100846
MA,2016,7653870,Nordeste,776772.0,258.0,10.14874828028174,True,0.14054455191643278
MA,2017,7687695,Nordeste,738542.0,265.0,9.606806721650637,True,0.4419332964892275
MA,2018,7793180,Nordeste,712944.0,937.0,9.148306596280339,True,1.3721277964331202
MA,2019,8008643,Nordeste,687455.0,831.0,8.58391365428575,True,2.7647635496677925
MA,2020,8323445,Nordeste,573081.0,674.0,6.885141909389682,True,3.9307782854099083
MA,2021,8561509,Nordeste,567263.0,862.0,6.625736187394068,True,2.8601618680726526
MA,2022,9428128,Nordeste,628180.0,780.0,6.662828506358845,True,10.12226933359528
MA,2023,10128610,Nordeste,682444.0,720.0,6.737785342707439,True,7.429703966683521
MA,2024,10314237,Nordeste,783997.0,,7.601114847370678,True,1.8326996498038817
MG,2005,21403680,Sudeste,527908.0,,2.4664356783506385,False,
MG,2006,22203154,Sudeste,2376563.0,,10.703718039338014,False,3.7352174953092288
MG,2007,22575194,Sudeste,2568878.0,,11.379206752331784,False,1.6756177973633823
MG,2008,22369639,Sudeste,2852862.0,,12.753276885693149,False,-0.910534810907937
MG,2009,22469791,Sudeste,2472853.0,,11.005233649035722,False,0.44771397517859857
MG,2010,22698120,Sudeste,2393057.0,,10.542974484230411,False,1.016159874384237
MG,2011,23907915,Sudeste,2099739.0,,8.782610277809672,False,5.329934813984605
MG,2012,23965914,Sudeste,2480113.0,,10.348501626101136,False,0.24259330016858094
MG,2013,24201256,Sudeste,3032618.0,,12.530828978462935,False,0.9819863327557687
MG,2014,23707042,Sudeste,3240379.0,,13.668423922309666,False,-2.0421006248601326
MG,2015,23768959,Sudeste,2840812.0,,11.951772898426052,False,0.2611755612530686
MG,2016,23637803,Sudeste,2469873.0,,10.448826398967789,False,-0.5517953058019942
MG,2017,21971713,Sudeste,2766901.0,,12.593014481847636,False,-7.0484130864446275
MG,2018,21810311,Sudeste,2804442.0,,12.858331089364109,False,-0.7345899702949854
MG,2019,22020979,Sudeste,2846455.0,,12.926105601390384,False,0.9659101147159177
MG,2020,22165606,Sudeste,2684585.0,,12.111489304646126,False,0.6567691654399299
MG,2021,22856143,Sudeste,2609262.0,,11.416020629552413,False,3.1153535797757925
MG,2022,22993105,Sudeste,2844094.0,,12.369334198230296,False,0.5992349627844007
MG,2023,22498415,Sudeste,3091304.0,,13.740096802374746,False,-2.1514710605635923
MG,2024,22064637,Sudeste,3763402.0,,17.056260658174434,False,-1.928038041790947
MS,2005,24504098,Centro-Oeste,746908.0,,3.048094241216306,False,
MS,2006,23726290,Centro-Oeste,3699818.0,,15.59374853801416,False,-3.174195597813889
MS,2007,21832001,Centro-Oeste,3735883.0,,17.111958725175946,False,-7.983924161763179
MS,2008,22365219,Centro-Oeste,3190674.0,,14.26623186654242,False,2.4423688877625027
MS,2009,22325663,Centro-Oeste,3284205.0,,14.71044779274864,False,-0.1768639064075317
MS,2010,22354077,Centro-Oeste,3298044.0,,14.753657688483404,False,0.12727057646619855
MS,2011,21553851,Centro-Oeste,3283771.0,,15.235193933557396,False,-3.579776521303024
MS,2012,21498382,Centro-Oeste,3988813.0,,18.55401490214473,False,-0.25735076297966897
MS,2013,21047274,Centro-Oeste,4120813.0,,19.578844272184607,False,-2.0983346560685345
MS,2014,21003830,Centro-Oeste,3931653.0,,18.718743200644834,False,-0.20641152863786205
MS,2015,21357398,Centro-Oeste,3408741.0,,15.960469529106494,False,1.6833501318568977
MS,2016,21800990,Centro-Oeste,3292279.0,,15.101511445122446,False,2.076994585201808
MS,2017,21474693,Centro-Oeste,3435747.0,,15.999050603424225,False,-1.4967072596244524
MS,2018,20896700,Centro-Oeste,3293548.0,,15.761091464202481,False,-2.691507627140466
MS,2019,19407908,Centro-Oeste,3585036.0,,18.472037274702664,False,-7.1245316246105865
MS,2020,19027086,Centro-Oeste,3389421.0,,17.813663111629392,False,-1.9622001505777975
MS,2021,18608503,Centro-Oeste,2955535.0,,15.882712327799823,False,-2.199932243960001
MS,2022,18433728,Centro-Oeste,3341782.0,,18.128628132084838,False,-0.9392211721705901
MS,2023,18891916,Centro-Oeste,3312125.0,,17.531969758916986,False,2.4855959684335183
MS,2024,18744820,Centro-Oeste,3755417.0,,20.03442551062107,False,-0.7786187488870944
MT,2005,26651500,Centro-Oeste,987971.0,7145.0,3.706999606025927,True,
MT,2006,26064332,Centro-Oeste,4780290.0,4333.0,18.340351097430773,True,-2.203133031911897
MT,2007,25683031,Centro-Oeste,4638485.0,2678.0,18.060504618788958,True,-1.4629225870818385
MT,2008,26018216,Centro-Oeste,3824386.0,3258.0,14.698878662549347,True,1.3050835004637884
MT,2009,27357089,Centro-Oeste,4067769.0,1049.0,14.869158776359576,True,5.145906237383846
MT,2010,28757438,Centro-Oeste,4082705.0,871.0,14.197040084029739,True,5.11877926777955
MT,2011,29265718,Centro-Oeste,4475152.0,1120.0,15.291447829846511,True,1.7674731664204524
MT,2012,28740802,Centro-Oeste,5015717.0,757.0,17.45155545763824,True,-1.793620781830807
MT,2013,28395205,Centro-Oeste,5837857.0,1139.0,20.55930569967711,True,-1.2024612256818723
MT,2014,28592183,Centro-Oeste,5352226.0,1075.0,18.719193284402245,True,0.6937016302576371
MT,2015,29364042,Centro-Oeste,4540805.0,1601.0,15.463828174608931,True,2.699545536624459
MT,2016,30296096,Centro-Oeste,4577459.0,1489.0,15.109072139195757,True,3.174133860726669
MT,2017,29725378,Centro-Oeste,4804617.0,1341.0,16.163350386999284,True,-1.883800473830033
MT,2018,30199598,Centro-Oeste,5219350.0,1490.0,17.282845950465962,True,1.5953371560152974
MT,2019,31654882,Centro-Oeste,5649896.0,1779.0,17.848419084297962,True,4.8188853374803164
MT,2020,32338031,Centro-Oeste,5090505.0,1685.0,15.74154282924647,True,2.158115768683011
MT,2021,32424958,Centro-Oeste,4617444.0,2011.0,14.2404008665177,True,0.26880733709482296
MT,2022,34246313,Centro-Oeste,4709980.0,1800.0,13.753246955372978,True,5.6171391185765085
MT,2023,34075004,Centro-Oeste,5948665.0,1650.0,17.45756214731479,True,-0.5002261119321116
MT,2024,32853368,Centro-Oeste,7138747.0,,21.729117696547885,True,-3.5851382438575774
PA,2005,18063669,Norte,495353.0,5899.0,2.7422612759345846,True,
PA,2006,17501678,Norte,2214770.0,5659.0,12.654615174613543,True,-3.1111675042318376
PA,2007,15353989,Norte,2370139.0,5526.0,15.436633437733999,True,-12.271331926001604
PA,2008,16240697,Norte,2098275.0,5607.0,12.919858057816114,True,5.775098575360449
PA,2009,16856561,Norte,2108227.0,4281.0,12.506863054688319,True,3.7921032576372804
PA,2010,17633339,Norte,2105467.0,3770.0,11.94026270350726,True,4.608164144513216
PA,2011,18262547,Norte,2079954.0,3008.0,11.38917808123916,True,3.568286187885339
PA,2012,18605051,Norte,2177806.0,1741.0,11.705455685125507,True,1.8754448653848677
PA,2013,19165028,Norte,2447439.0,2346.0,12.770338764962933,True,3.0098116903845007
PA,2014,19911217,Norte,2624231.0,1887.0,13.179661494322522,True,3.893492876712723
PA,2015,20271618,Norte,2647762.0,2153.0,13.061424105367417,True,1.8100400392401905
PA,2016,20476783,Norte,2724137.0,2992.0,13.303539916401908,True,1.0120800421554943
PA,2017,20585367,Norte,2637183.0,2413.0,12.810959357683544,True,0.5302786087052924
PA,2018,20628651,Norte,2691134.0,2826.0,13.045613113528365,True,0.21026586506813771
PA,2019,20953429,Norte,2411342.0,4172.0,11.508102086775391,True,1.5744025142506946
PA,2020,22432348,Norte,2217790.0,3876.0,9.886570946563419,True,7.05812399488408
PA,2021,23921005,Norte,2258687.0,4340.0,9.442274687037605,True,6.636206784951804
PA,2022,24791060,Norte,2430612.0,3900.0,9.804389162867583,True,3.637200861753098
PA,2023,25040621,Norte,2878225.0,3600.0,11.494223725521824,True,1.00665723853679
PA,2024,25557665,Norte,3509107.0,,13.730154926124902,True,2.0648209962524477
PB,2005,1052613,Nordeste,17377.0,,1.650844137399025,False,
PB,2006,1092792,Nordeste,67889.0,,6.212435669368004,False,3.817072371327357
PB,2007,1139322,Nordeste,78257.0,,6.868734212101583,False,4.257900863110264
PB,2008,1202363,Nordeste,83731.0,,6.963870312043867,False,5.533203080428528
PB,2009,1236276,Nordeste,73516.0,,5.946568565595385,False,2.8205292411692673
PB,2010,1242579,Nordeste,74285.0,,5.978291923491383,False,0.5098376090775902
PB,2011,1354268,Nordeste,73442.0,,5.423003423251528,False,8.988482824834488
PB,2012,967067,Nordeste,91483.0,,9.459840941734129,False,-28.591165116505746
PB,2013,1048824,Nordeste,86618.0,,8.258582946233114,False,8.454119518089232
PB,2014,1145943,Nordeste,78098.0,,6.81517318051596,False,9.259799546921133
PB,2015,1170803,Nordeste,75167.0,,6.420123624555113,False,2.169392369428502
PB,2016,1187981,Nordeste,81731.0,,6.879823835566394,False,1.4671981537457635
PB,2017,1202781,Nordeste,54022.0,,4.4914244571538795,False,1.245811170380673
PB,2018,1240004,Nordeste,50582.0,,4.079180389740678,False,3.094744596065291
PB,2019,1293769,Nordeste,57044.0,,4.409133315143585,False,4.335873110086741
PB,2020,1344094,Nordeste,59366.0,,4.4168041818503765,False,3.889797946928697
PB,2021,1371007,Nordeste,55516.0,,4.049286400434133,False,2.0023153142562977
PB,2022,1371566,Nordeste,52072.0,,3.7965362220994106,False,0.040772950101630734
PB,2023,1412480,Nordeste,48809.0,,3.4555533529678293,False,2.983013577181115
PB,2024,1472825,Nordeste,62990.0,,4.276814964439088,False,4.272272881739925
PE,2005,1909468,Nordeste,95975.0,,5.026269096942185,False,
PE,2006,2095184,Nordeste,360724.0,,17.216817234190408,False,9.72605982399286
PE,2007,2219892,Nordeste,400980.0,,18.063040904692663,False,5.952126400354341
PE,2008,2249788,Nordeste,403973.0,,17.95604741424525,False,1.3467321833674717
PE,2009,2297366,Nordeste,385201.0,,16.767071507108575,False,2.114777036769677
PE,2010,2383268,Nordeste,401028.0,,16.826810916774782,False,3.739151706780719
PE,2011,2502156,Nordeste,400306.0,,15.998442942806124,False,4.988444438476924
PE,2012,1895642,Nordeste,302273.0,,15.945679616720879,False,-24.239655720906295
PE,2013,1823230,Nordeste,320896.0,,17.600412454819196,False,-3.8199195839720756
PE,2014,1920075,Nordeste,324485.0,,16.899600276030885,False,5.311726990012233
PE,2015,1948357,Nordeste,314289.0,,16.13097599669876,False,1.472963295704588
PE,2016,1895185,Nordeste,299853.0,,15.82183269707179,False,-2.7290686460438196
PE,2017,1804876,Nordeste,273069.0,,15.129515822693637,False,-4.765181235604965
PE,2018,1862181,Nordeste,294386.0,,15.808667363698802,False,3.175010360822572
PE,2019,1937165,Nordeste,273234.0,,14.104838772123179,False,4.026676246830996
PE,2020,1882153,Nordeste,237329.0,,12.609442484218873,False,-2.839820046304775
PE,2021,2173313,Nordeste,214705.0,,9.879156844872321,False,15.469518152881312
PE,2022,2280130,Nordeste,238293.0,,10.450851486538049,False,4.914938621358278
PE,2023,2460111,Nordeste,222400.0,,9.040242493123278,False,7.89345344344401
PE,2024,2653403,Nordeste,374199.0,,14.102607104913952,False,7.857043848834455
PI,2005,1826833,Nordeste,35495.0,,1.9429800096670031,False,
PI,2006,1838378,Nordeste,136238.0,,7.410771886956871,False,0.6319680014538864
PI,2007,1736520,Nordeste,146907.0,,8.459850735954667,False,-5.540645068642036
PI,2008,1750910,Nordeste,148385.0,,8.474735994425755,False,0.8286688319167013
PI,2009,1682111,Nordeste,141780.0,,8.428694658081422,False,-3.9293281779189115
PI,2010,1679957,Nordeste,147484.0,,8.779034225280766,False,-0.12805338054385773
PI,2011,1688024,Nordeste,144908.0,,8.58447510224973,False,0.4801908620280182
PI,2012,1689926,Nordeste,156118.0,,9.238155990262294,False,0.11267612308829555
PI,2013,1666107,Nordeste,196168.0,,11.77403372052335,False,-1.4094700004615546
PI,2014,1660099,Nordeste,152644.0,,9.194873317796107,False,-0.36060108984596884
PI,2015,1649549,Nordeste,133768.0,,8.109368075758889,False,-0.6355042681189471
PI,2016,1639856,Nordeste,127806.0,,7.793733108272921,False,-0.5876151602650204
PI,2017,1625006,Nordeste,134131.0,,8.254184907624957,False,-0.905567318105982
PI,2018,1464196,Nordeste,137992.0,,9.424421320642864,False,-9.895963461057988
PI,2019,1447817,Nordeste,128573.0,,8.880473153720395,False,-1.1186343904777796
PI,2020,1431540,Nordeste,107128.0,,7.48340947511072,False,-1.1242442933050212
PI,2021,1421095,Nordeste,76857.0,,5.408294308262291,False,-0.7296338209201281
PI,2022,1407772,Nordeste,87470.0,,6.213364095890528,False,-0.937516492563828
PI,2023,1384189,Nordeste,88639.0,,6.403677532475695,False,-1.6752002454943016
PI,2024,1371078,Nordeste,117146.0,,8.544079913761289,False,-0.9471972396833062
PR,2005,10153375,Sul,347129.0,,3.418853336944612,False,
PR,2006,9764545,Sul,1429046.0,,14.635049559400873,False,-3.829564061211177
PR,2007,9494843,Sul,1291198.0,,13.598939971940558,False,-2.7620539410694533
PR,2008,9585600,Sul,1200730.0,,12.52639375730262,False,0.9558557208370955
PR,2009,9562113,Sul,1208514.0,,12.638566392177125,False,-0.245023785678522
PR,2010,9411380,Sul,1459406.0,,15.506822591373423,False,-1.5763566065366552
PR,2011,9475676,Sul,1204666.0,,12.71324599954663,False,0.6831729246932872
PR,2012,9413937,Sul,1346753.0,,14.305948722622638,False,-0.6515524591596433
PR,2013,9395313,Sul,1424743.0,,15.16440165431423,False,-0.19783433859819066
PR,2014,9181577,Sul,1450453.0,,15.797427827485407,False,-2.2749215486487784
PR,2015,9314908,Sul,1246820.0,,13.385210031059888,False,1.4521579462874357
PR,2016,9487999,Sul,1198329.0,,12.629944417152657,False,1.8582148100657614
PR,2017,9370139,Sul,1283978.0,,13.702870362969003,False,-1.2422008054596145
PR,2018,9275271,Sul,1441473.0,,15.541033787584213,False,-1.0124502955612513
PR,2019,8972546,Sul,1452174.0,,16.184637002696896,False,-3.263786039243488
PR,2020,8460084,Sul,1449054.0,,17.128127805823205,False,-5.711444666876043
PR,2021,8084187,Sul,1210093.0,,14.968641868378354,False,-4.44318283364562
PR,2022,7951680,Sul,1299751.0,,16.34561501468872,False,-1.6390887543793808
PR,2023,8774410,Sul,1304664.0,,14.868965548680766,False,10.34661857620025
PR,2024,8626024,Sul,1467331.0,,17.010513766249666,False,-1.6911222520944458
RJ,2005,2092748,Sudeste,25207.0,,1.2044928486372941,False,
RJ,2006,2095666,Sudeste,70154.0,,3.347575424709853,False,0.13943389266171113
RJ,2007,2078529,Sudeste,131742.0,,6.33823247113704,False,-0.8177352688834905
RJ,2008,2144882,Sudeste,164602.0,,7.6741750828250686,False,3.1923057123571574
RJ,2009,2162043,Sudeste,141410.0,,6.5405729673276625,False,0.8000906343565761
RJ,2010,2160727,Sudeste,228771.0,,10.587686459233398,False,-0.06086835460719087
RJ,2011,2179671,Sudeste,186792.0,,8.569733689166851,False,0.8767419484275507
RJ,2012,2197615,Sudeste,174475.0,,7.939288728917486,False,0.8232435078505018
RJ,2013,2339978,Sudeste,190535.0,,8.142597921860805,False,6.478068269464843
RJ,2014,2379648,Sudeste,187997.0,,7.900202046689259,False,1.6953150841589215
RJ,2015,2351451,Sudeste,205011.0,,8.718489137132774,False,-1.1849231482975675
RJ,2016,2409718,Sudeste,150625.0,,6.2507314133853,False,2.4779168266742424
RJ,2017,2531239,Sudeste,175134.0,,6.918904141410589,False,5.0429552337659445
RJ,2018,2552587,Sudeste,182603.0,,7.153644518286742,False,0.8433814428428166
RJ,2019,2533164,Sudeste,183725.0,,7.252787423159337,False,-0.7609143194727497
RJ,2020,2605970,Sudeste,157599.0,,6.047613748431486,False,2.8741131644062445
RJ,2021,2674067,Sudeste,137514.0,,5.142503908839981,False,2.6131152699378823
RJ,2022,2701143,Sudeste,142944.0,,5.291981949863446,False,1.0125400747251323
RJ,2023,2765124,Sudeste,188569.0,,6.819549503024096,False,2.3686639322686664
RJ,2024,2761677,Sudeste,239112.0,,8.658217452656483,False,-0.12465987058808414
RN,2005,978494,Nordeste,24763.0,,2.5307257888142387,False,
RN,2006,1027289,Nordeste,95659.0,,9.31179054774265,False,4.9867449366066685
RN,2007,1010238,Nordeste,112558.0,,11.141730958447415,False,-1.6598055659118316
RN,2008,1029240,Nordeste,115741.0,,11.245287785161867,False,1.8809429065230088
RN,2009,1150028,Nordeste,98126.0,,8.532487904642322,False,11.73564960553417
RN,2010,1064575,Nordeste,107547.0,,10.102341309912406,False,-7.430514735293404
RN,2011,1047797,Nordeste,106672.0,,10.180597959337543,False,-1.5760279923913267
RN,2012,858211,Nordeste,115689.0,,13.480251360096759,False,-18.093771980641293
RN,2013,914777,Nordeste,119270.0,,13.03815028143471,False,6.591152991513738
RN,2014,972816,Nordeste,110554.0,,11.364327889343926,False,6.3446063904099015
RN,2015,918952,Nordeste,109844.0,,11.953181450173677,False,-5.536915511258034
RN,2016,840847,Nordeste,90277.0,,10.736435998463454,False,-8.499355787897523
RN,2017,870000,Nordeste,81671.0,,9.387471264367816,False,3.467099246355154
RN,2018,863284,Nordeste,83897.0,,9.718354562345647,False,-0.771954022988508
RN,2019,929451,Nordeste,86239.0,,9.278488053700517,False,7.66456924951695
RN,2020,988134,Nordeste,77235.0,,7.816247593949808,False,6.313727135696223
RN,2021,1015835,Nordeste,64928.0,,6.391589185251542,False,2.8033647258367766
RN,2022,1059926,Nordeste,77328.0,,7.295603655349524,False,4.340370237292479
RN,2023,1173351,Nordeste,65368.0,,5.571052481312071,False,10.701218764328836
RN,2024,1376932,Nordeste,75264.0,,5.466065136114202,False,17.350392167390673
RO,2005,11349452,Norte,316120.0,3244.0,2.785332719148026,True,
RO,2006,11484162,Norte,1674940.0,2049.0,14.584782067685914,True,1.1869295539555624
RO,2007,11007613,Norte,2107399.0,1611.0,19.14492270031659,True,-4.149619275659822
RO,2008,11176201,Norte,1729348.0,1136.0,15.47348692100294,True,1.5315582043082365
RO,2009,11532891,Norte,1804866.0,482.0,15.649727375382286,True,3.1915138247782027
RO,2010,11842073,Norte,1902369.0,435.0,16.064493100152312,True,2.680871604526569
RO,2011,12182259,Norte,1893136.0,865.0,15.540106313615562,True,2.872689604261014
RO,2012,12218437,Norte,2046868.0,773.0,16.752290002395558,True,0.2969728356620793
RO,2013,12329971,Norte,2289653.0,932.0,18.56981658756537,True,0.9128336136610571
RO,2014,12744326,Norte,2004591.0,684.0,15.729282191933885,True,3.360551294078462
RO,2015,13397970,Norte,1904823.0,1030.0,14.217250822326069,True,5.128902069830921
RO,2016,13682200,Norte,2191620.0,1243.0,16.018038034818964,True,2.1214407854324158
RO,2017,14091378,Norte,2288467.0,1245.0,16.24019311667035,True,2.9905863092192675
RO,2018,14367161,Norte,2414392.0,1458.0,16.804934530906976,True,1.9571045500305306
RO,2019,14349219,Norte,2392309.0,1554.0,16.672050234929163,True,-0.12488201392049092
RO,2020,14804398,Norte,2179717.0,1298.0,14.723442317613996,True,3.1721517387113485
RO,2021,15110301,Norte,1862407.0,1568.0,12.32541297489706,True,2.0662981365402455
RO,2022,17688225,Norte,2045148.0,1400.0,11.562200277303122,True,17.06070580592669
RO,2023,18162632,Norte,2886200.0,1300.0,15.890868680266165,True,2.6820497817050537
RO,2024,18221984,Norte,3239066.0,,17.775594578504734,True,0.3267808322053867
RR,2005,507000,Norte,,133.0,,True,
RR,2006,508600,Norte,29896.0,231.0,5.878096736138419,True,0.3155818540433897
RR,2007,481100,Norte,60498.0,309.0,12.574932446476824,True,-5.406999606763662
RR,2008,476200,Norte,71123.0,574.0,14.935531289374213,True,-1.018499272500517
RR,2009,475380,Norte,67497.0,121.0,14.19853590811561,True,-0.17219655606888207
RR,2010,577050,Norte,73284.0,256.0,12.699766051468679,True,21.387100845639285
RR,2011,651511,Norte,75436.0,141.0,11.5786226172697,True,12.903734511740762
RR,2012,686491,Norte,37259.0,124.0,5.427456441526546,True,5.36905746794758
RR,2013,747045,Norte,74189.0,170.0,9.930994786123994,True,8.82080027269112
RR,2014,735962,Norte,52755.0,219.0,7.168169008725994,True,-1.4835786331479417
RR,2015,794783,Norte,,156.0,,True,7.992396346550512
RR,2016,780877,Norte,63854.0,202.0,8.177216130069139,True,-1.7496599700798865
RR,2017,787318,Norte,67319.0,132.0,8.550420541636289,True,0.8248418124749524
RR,2018,817198,Norte,76985.0,195.0,9.42060553256371,True,3.7951628185815656
RR,2019,879007,Norte,82553.0,235.0,9.391620317016816,True,7.5635280556242135
RR,2020,925109,Norte,87692.0,255.0,9.479099219659522,True,5.244781895934847
RR,2021,937989,Norte,89441.0,310.0,9.535399668866052,True,1.3922683705379635
RR,2022,1133502,Norte,75935.0,280.0,6.6991500676664,True,20.843847848961982
RR,2023,1181553,Norte,84015.0,250.0,7.110557038067696,True,4.239163230413356
RR,2024,1286360,Norte,107405.0,,8.349528903261918,True,8.870274968621805
RS,2005,14239906,Sul,601426.0,,4.223525071022238,False,
RS,2006,13974827,Sul,2046792.0,,14.646277910989525,False,-1.8615221195982579
RS,2007,13516426,Sul,1386977.0,,10.261418218099962,False,-3.280190874634803
RS,2008,14115643,Sul,1452286.0,,10.28848632683612,False,4.4332503281562685
RS,2009,14366298,Sul,1559117.0,,10.852600997139277,False,1.7757249882276005
RS,2010,14469307,Sul,1938588.0,,13.397932603130197,False,0.7170183995904855
RS,2011,14478312,Sul,1885435.0,,13.022478034732227,False,0.06223518514052451
RS,2012,14140654,Sul,1934150.0,,13.67793879971888,False,-2.3321641362611834
RS,2013,14037367,Sul,1920627.0,,13.682245395450584,False,-0.7304259053364848
RS,2014,13956953,Sul,1885555.0,,13.509789708398387,False,-0.572856718784942
RS,2015,13737316,Sul,1821798.0,,13.261673532151406,False,-1.5736744259294944
RS,2016,13590282,Sul,1897834.0,,13.964640321665142,False,-1.0703255279269963
RS,2017,13353122,Sul,1929178.0,,14.447392901824758,False,-1.7450704849244492
RS,2018,12550379,Sul,2134308.0,,17.005924681637104,False,-6.011650309193605
RS,2019,11968216,Sul,1966444.0,,16.43055238976302,False,-4.638608921690734
RS,2020,11128019,Sul,1901849.0,,17.090634011318638,False,-7.020235931570751
RS,2021,11056530,Sul,1601614.0,,14.485684025639149,False,-0.6424234178608046
RS,2022,11932838,Sul,1653951.0,,13.860499907901206,False,7.925705442846898
RS,2023,12012219,Sul,1768438.0,,14.721992664302908,False,0.665231523297316
RS,2024,11530056,Sul,1649407.0,,14.305281778336548,False,-4.013937807827183
SC,2005,3376725,Sul,84606.0,,2.505563822934944,False,
SC,2006,3460835,Sul,333421.0,,9.634120089515969,False,2.4908750342417685
SC,2007,3488992,Sul,324032.0,,9.28726692408581,False,0.813589783968327
SC,2008,3884264,Sul,364144.0,,9.374851966807611,False,11.329117406975996
SC,2009,3976165,Sul,358129.0,,9.006894834595647,False,2.365982332817751
SC,2010,3985662,Sul,509350.0,,12.779558326822496,False,0.23884823693181012
SC,2011,4039217,Sul,419887.0,,10.395257298629907,False,1.343691462045693
SC,2012,4072960,Sul,420706.0,,10.329244578881207,False,0.8353846797535258
SC,2013,4201561,Sul,405425.0,,9.64938983392125,False,3.157433414519173
SC,2014,4285931,Sul,432871.0,,10.099812619475209,False,2.0080631936558735
SC,2015,4382299,Sul,440314.0,,10.047557229664156,False,2.2484729688835303
SC,2016,4499505,Sul,407877.0,,9.064930475685658,False,2.6745322489405643
SC,2017,4302861,Sul,431830.0,,10.035880777928917,False,-4.370347404881203
SC,2018,4296052,Sul,476147.0,,11.08336211945293,False,-0.15824355004728785
SC,2019,4452571,Sul,536299.0,,12.044704059744358,False,3.6433218219891206
SC,2020,4532618,Sul,604512.0,,13.336928018200519,False,1.7977703219106411
SC,2021,4541890,Sul,533622.0,,11.748897485408056,False,0.20456169039615446
SC,2022,4484105,Sul,528389.0,,11.783600071809202,False,-1.272267712340014
SC,2023,4540794,Sul,543395.0,,11.966959963389662,False,1.2642210652962005
SC,2024,4395639,Sul,628693.0,,14.302653152363057,False,-3.196687627758499
SE,2005,1005177,Nordeste,,,,False,
SE,2006,1067508,Nordeste,,,,False,6.200997436272426
SE,2007,1073692,Nordeste,,,,False,0.5792930825811116
SE,2008,1080833,Nordeste,,,,False,0.6650883121044115
SE,2009,1120832,Nordeste,55873.0,,4.984957602923543,False,3.7007567311508893
SE,2010,1117765,Nordeste,95791.0,,8.569869337472545,False,-0.2736360132473026
SE,2011,1178771,Nordeste,95300.0,,8.084691598283298,False,5.457855631550457
SE,2012,1156157,Nordeste,105622.0,,9.13561047504794,False,-1.9184387807301029
SE,2013,1223215,Nordeste,101000.0,,8.25692948500468,False,5.800077325138364
SE,2014,1218972,Nordeste,101896.0,,8.359174780060576,False,-0.346872790147279
SE,2015,1231130,Nordeste,87476.0,,7.105342246553979,False,0.997397807332745
SE,2016,1196248,Nordeste,87027.0,,7.274996489022343,False,-2.8333319795634915
SE,2017,1067121,Nordeste,92363.0,,8.65534461415341,False,-10.794333616440744
SE,2018,1039346,Nordeste,116162.0,,11.176451345365258,False,-2.602797620888353
SE,2019,1052263,Nordeste,44195.0,,4.199995628469309,False,1.242800761247942
SE,2020,1045507,Nordeste,,,,False,-0.6420448119909161
SE,2021,1090821,Nordeste,133761.0,,12.262415190026594,False,4.334165146670466
SE,2022,1121930,Nordeste,195760.0,,17.448503917356696,False,2.851888623339671
SE,2023,1294262,Nordeste,225982.0,,17.46029783768665,False,15.360316597292156
SE,2024,1348720,Nordeste,305101.0,,22.621522628862923,False,4.207648837716005
SP,2005,13420780,Sudeste,1008876.0,,7.517267997836191,False,
SP,2006,12790383,Sudeste,4126182.0,,32.26003474641846,False,-4.697171103318887
SP,2007,11790564,Sudeste,4123918.0,,34.976426912232526,False,-7.816959038677728
SP,2008,11185556,Sudeste,3635066.0,,32.49785705779847,False,-5.131289733044153
SP,2009,11197605,Sudeste,3552206.0,,31.722908604116682,False,0.10771927653843161
SP,2010,11197697,Sudeste,3532524.0,,31.546879684277933,False,0.0008216042626907338
SP,2011,11024796,Sudeste,3269852.0,,29.659070335632514,False,-1.5440764292872
SP,2012,10757383,Sudeste,3348472.0,,31.127198873555027,False,-2.425559620332207
SP,2013,10486750,Sudeste,3548939.0,,33.84212458578683,False,-2.515788458958834
SP,2014,10148423,Sudeste,3523974.0,,34.7243507685874,False,-3.2262331036784553
SP,2015,10468135,Sudeste,3052511.0,,29.16002707263519,False,3.150361391124523
SP,2016,11031408,Sudeste,2792350.0,,25.31272526589534,False,5.380834312893357
SP,2017,11109523,Sudeste,2923258.0,,26.313082928943032,False,0.7081145036064385
SP,2018,10771635,Sudeste,3101941.0,,28.797308857940322,False,-3.041426711119821
SP,2019,10487012,Sudeste,3326168.0,,31.717022923212063,False,-2.6423379551943627
SP,2020,10568637,Sudeste,3120469.0,,29.525746792136015,False,0.7783437265066473
SP,2021,10718494,Sudeste,2891690.0,,26.97851022727633,False,1.4179406483541879
SP,2022,11065605,Sudeste,3420964.0,,30.915291120548765,False,3.23843069744687
SP,2023,10763360,Sudeste,3453408.0,,32.084850827250975,False,-2.7313915506653297
SP,2024,10756815,Sudeste,4140875.0,,38.495363172091366,False,-0.06080814912815535
TO,2005,7961926,Norte,197204.0,271.0,2.476837890731464,True,
TO,2006,7760590,Norte,1165352.0,124.0,15.016280978636933,True,-2.5287348814847066
TO,2007,7395450,Norte,1153294.0,63.0,15.59464265190083,True,-4.705054641464113
TO,2008,7392515,Norte,899922.0,107.0,12.173421359307353,True,-0.039686564035990024
TO,2009,7605249,Norte,882670.0,61.0,11.606063128242086,True,2.877694532916064
TO,2010,7994200,Norte,906479.0,49.0,11.339208426108929,True,5.1142441227105095
TO,2011,8025400,Norte,1053689.0,40.0,13.129426570638222,True,0.3902829551424736
TO,2012,8082336,Norte,1051092.0,52.0,13.00480455155539,True,0.7094475041742543
TO,2013,8140580,Norte,1195180.0,74.0,14.681754862675634,True,0.7206332426664686
TO,2014,8062227,Norte,1154265.0,55.0,14.316949894861555,True,-0.9624989865587019
TO,2015,8412404,Norte,1097704.0,57.0,13.048636275671022,True,4.343427690636847
TO,2016,8652161,Norte,1022512.0,67.0,11.817995527360159,True,2.8500414388086925
TO,2017,8738477,Norte,980048.0,99.0,11.21531818416413,True,0.997623599468378
TO,2018,8352513,Norte,1066984.0,116.0,12.774406935972443,True,-4.4168337342994635
TO,2019,8480724,Norte,1032557.0,115.0,12.175340218594545,True,1.534999107454249
TO,2020,9129804,Norte,894811.0,98.0,9.800988060641828,True,7.653591839564644
TO,2021,10161938,Norte,949944.0,132.0,9.348059395756989,True,11.305105783212866
TO,2022,10772509,Norte,1103897.0,120.0,10.24735277547691,True,6.008410994044633
TO,2023,11313309,Norte,1253201.0,110.0,11.077227714720777,True,5.020186105205382
TO,2024,11624631,Norte,1347300.0,,11.590045309825319,True,2.75182088635606
